firstName;lastName;email;gender;age;birth
Constantin;Langsdon;clangsdon0@hc360.com;Male;96;10.02.1965
Norah;Raison;nraison1@wired.com;Female;32;10.05.2000
Noll;Taborre;ntaborre2@twitpic.com;Male;52;05.12.1920
Karlen;Nolot;knolot3@liveinternet.ru;Female;2;11.07.1986
Melva;Trengrouse;mtrengrouse4@examiner.com;Female;64;19.11.1978
Stanislaus;Singers;ssingers5@mozilla.com;Male;17;13.02.1963
Justin;Gerholz;jgerholz6@discuz.net;Male;77;19.12.1990
Brantley;Degue;bdegue7@amazonaws.com;Male;25;07.05.1974
Emery;Lannin;elannin8@google.nl;Male;32;10.02.1985
Krystalle;Hilbourne;khilbourne9@ning.com;Female;67;10.10.1910
